id;name;owner_name;mobile;email;logo_url;gst_number;pan_number;city;state;billing_line_1;billing_line_2;billing_city;billing_state;billing_pincode;shipping_line_1;shipping_line_2;shipping_city;shipping_state;shipping_pincode;shipping_same_as_billing;currency;fy_start_month;has_data;created_at;updated_at
1;sweetly hence times;suspiciously official nudge;"6575941907";Lionel_OHara13@gmail.com;allocation;"69ETNML9305URZM";"OKFEJ2353M";Fort Wendell;shaft;stake;misspend;blink plus;considering alongside;"255193";vice powerless countess;tenant blah wherever;headline;anti wherever;"873209";true;tow;12;false;2026-04-19T18:01:16;2026-04-19T14:49:39
2;valley lawful exhaust;inside;"8851945595";Calvin_Runte49@gmail.com;except;"80AZIQP0368LAZN";"ONTOK3099A";Shanonview;yippee nor ha;whoa;aha playfully finally;disarm lest;aw;"460123";tall so antique;help fly merit;beside;but;"471756";false;unn;2;false;2026-04-19T21:16:45;2026-04-20T04:58:55
3;er icy transplant;perfectly venture bah;"7461134882";Krystal84@yahoo.com;subdued seagull;"18JUGVK8903HQZP";"BAUHQ7856S";Fredericchester;bitterly rebuke;considerate for;that by;bah shadowbox;by;"651834";avow bludgeon hm;narrowcast deflate scarcely;gown relaunch;which;"390527";false;ath;4;true;2026-04-20T07:14:26;2026-04-20T04:10:52
4;dimly unbearably;shark entry wrathful;"6313564839";Lillian.Cronin34@yahoo.com;shrill meh;"53VOBRI5471DRZ0";"NOBPJ0787C";East Craig;rim;carelessly whoa markup;hmph;boo yum ack;supposing adolescent tackle;"773014";gadzooks furthermore apud;meh yowza;sermon octave;shoulder;"900746";false;slu;11;true;2026-04-19T13:29:48;2026-04-19T18:50:44
5;insecure both yowza;abaft puny oh;"8487479490";Susie_Nitzsche@gmail.com;phew lounge;"24WULZJ7242IJZR";"MCLXA8030E";East Friedrichton;consign dishearten underneath;libel after;necessary;bad menacing;stigmatize scrutinise;"378686";disloyal;ick;rapidly cleverly;gee ick;"157585";true;hel;6;false;2026-04-19T11:09:21;2026-04-19T13:41:16
6;beyond;observe fast insist;"7811324117";Veronica_Hahn@yahoo.com;captain gosh;"00WHZRS0522TLZF";"JRUME7111Z";North Kaycee;clear agile;including memorable meanwhile;instead off pension;pfft;wherever ah;"373477";colorfully fondly;upright parody;after behind complication;boo sandbar coexist;"688000";true;exp;3;false;2026-04-19T19:29:08;2026-04-20T07:24:01
7;practical;comb abaft crumble;"6861468196";Tatum.Rohan@yahoo.com;which scamper dowse;"48KFVMQ3935RYZ5";"NEVRD6208G";Port Odessa;train defrag;blah;boo birth;ha hm yet;near;"645999";freely;silk;innocently early;premise above;"811677";false;tom;5;true;2026-04-19T11:56:09;2026-04-19T16:15:46
8;minus flustered;hence given scorn;"8958422424";Edna4@gmail.com;institute;"86DHSOJ8266QXZ4";"FUKZG2932F";Helenastad;guilt trouser;hawk daintily;shyly upside-down following;deafening although;rawhide far thorough;"579189";er fat;supposing;absent duh;well anti deform;"862835";false;ple;3;false;2026-04-19T11:17:03;2026-04-19T09:52:41
9;finally specific;round bustling ew;"7749184928";Tracy.Schneider@hotmail.com;whether;"74QSKVT8011QVZT";"FKWIW8694Q";Simonisfurt;when blah;pricey including;than yearly;inquisitively indeed;who mammoth scotch;"614468";metallic;psst vice;snoopy sidetrack;shyly;"443766";true;vac;11;true;2026-04-19T19:24:51;2026-04-19T09:44:36
10;than stay;athwart;"8491279206";Miller89@yahoo.com;monster;"12IJFBC6335J5Z3";"RHIJV7276F";Port Pietro;annual whereas;finally;inasmuch;ha bleakly;heavy gallery ruin;"914460";provided if;birdbath doubter solemnly;lest grizzled;oof amongst whether;"207866";false;oh ;9;false;2026-04-19T12:48:19;2026-04-19T19:36:34
11;mmm part;tough watery throughout;"6835050773";Curtis.Johnson15@yahoo.com;astride;"81JZSKH0125EWZP";"KFNSO2512T";West Liana;loyally huzzah unless;minus;sushi;despite interesting midst;pressure;"608875";ah nor glaring;alongside rare;wherever;until steel lonely;"138211";true;ben;3;false;2026-04-19T10:28:49;2026-04-20T05:52:33
12;shameless close alongside;lid circulate yahoo;"9103936951";Marcos_Schulist@hotmail.com;incomparable;"05NGVJW8031ENZB";"RGNLO1376Z";Goyetteview;strictly;considering meh;nectarine needily after;allegation;verbally before management;"250522";oh till entrench;of salty geez;petal speedily;er voluntarily refute;"167073";false;cap;9;true;2026-04-19T14:19:52;2026-04-19T13:04:23
13;approximate so;function impartial;"7395675062";Jessie61@yahoo.com;hm;"66ODDVX2644RWZZ";"PGXHA1673A";West Bridget;prance obnoxiously log;pish messy past;likewise furthermore brr;rightfully that since;um;"767700";oval;until er profane;anenst but;oh;"679443";false;dep;8;false;2026-04-19T23:10:25;2026-04-20T01:16:00
14;tune-up huzzah guest;westernize like failing;"6820251973";Randall_Daniel@gmail.com;whenever;"98JAECM6376HKZ4";"ZELON0324G";Auburn;unknown pink gee;after yowza because;until soup;hm;via bravely among;"663613";now;lone;grandiose fervently;old likely ouch;"216583";false;sym;8;true;2026-04-20T08:20:41;2026-04-20T01:50:16
15;whether sashay disloyal;showy;"9298577502";Kyleigh_Kerluke72@gmail.com;charlatan quinoa cash;"77LUNCY3822MLZA";"MPEOI5290M";Lake Ludie;crackle the;after;boohoo fisherman;beside;why ugh;"237134";an blank;shadowy ditch;at;miserably forager;"868543";true;sub;7;false;2026-04-19T23:08:39;2026-04-19T15:13:09
16;remarkable elderly;morning provided as;"7418461533";Bernard.Franey23@hotmail.com;potentially;"65KRXFH5492DSZN";"IJETB0849S";South Freemanburgh;yahoo;yum pike eek;upliftingly of;coincide bah;keenly;"664503";perfumed owlishly;restfully uh-huh kettledrum;that bah;before;"818224";false;leg;3;false;2026-04-20T08:08:09;2026-04-20T01:27:06
17;yuck;habit frightened towards;"6207455643";Birdie.Heathcote@gmail.com;because;"16OVMBX0799FDZC";"RMXWW1809I";Mosciskibury;utter fake across;wildly;pointless among;bloom lively ew;hoick now;"826066";dividend;furthermore whether extent;till as;reproach into;"591304";true;fur;7;false;2026-04-19T10:07:31;2026-04-20T07:20:41
18;until artistic almost;hovercraft tuber whoa;"9953636269";Riley_Block@hotmail.com;puzzled helpfully closely;"71NAKPU0287LOZA";"YIQPB3147O";East Sandrinefield;enroll amidst;ah major;but resource coast;inventory;camouflage;"688453";clear;generously;awareness whoever whether;oof duh;"630288";false;ugh;9;true;2026-04-19T11:19:03;2026-04-20T01:56:45
19;surprisingly release although;kettledrum;"7189560767";Randall_Ruecker93@gmail.com;worth pace;"88YDGKM1882AOZW";"IEQZZ9354D";North Ralphchester;neatly marvelous;sunny unless;minus;even helpfully;uh-huh;"472786";thin granny along;than;than seemingly desk;exactly aha;"427601";true;cut;7;false;2026-04-19T13:49:10;2026-04-19T14:10:03
20;forceful dirty;coarse;"7358782067";Hosea_Braun88@yahoo.com;till;"85ZIVCC5338IBZ5";"LATJP6777Z";Greenwood;pick;plus;hungrily beside;um;thankfully destock yet;"746210";silently;sedately that nicely;phony;soup;"762143";true;reb;6;false;2026-04-19T09:35:25;2026-04-19T13:09:39
21;supposing yum merry;knowledgeably;"7281564648";Henriette.Kling@hotmail.com;wonderfully;"13HVJYW9584ISZD";"IPPCV7623J";Loweview;uh-huh;tuber lean;why unless;too quintuple;interesting;"956345";besides amongst boohoo;while;casement secret sweatshop;factorize opposite failing;"947138";false;dim;1;true;2026-04-19T11:47:55;2026-04-19T18:05:58
22;that reel;dim finally;"7634235844";Jermaine55@hotmail.com;suddenly;"88IXIUU2452C1Z5";"FQPWE1996D";Fort Germaine;lest hydrocarbon;plumber qua cleave;cheerfully gloom;if;knavishly blue;"428592";via notwithstanding ah;kookily shoulder alongside;urgently put;rust elevator;"358029";false;via;11;false;2026-04-19T18:54:57;2026-04-19T18:30:57
23;warmly;madly;"9175600152";Evelyn.Volkman@hotmail.com;not;"02WIZEZ3656FCZL";"YMTFW7442T";Port Americastead;briskly rudely step;boastfully unfortunate oh;behind disadvantage;backburn barring;gee;"680431";whenever whether;remark;grouper for;yahoo;"866626";false;eve;10;true;2026-04-20T04:45:08;2026-04-19T16:42:22
24;deliquesce of suddenly;chapel tune tarry;"9665596439";Mable.Bartell29@yahoo.com;yet prudent impure;"39RNXLM8102X3Z1";"WSNPI2025B";Jupiter;ack;wherever;electric;cram forenenst;burdensome;"275970";thongs yowza;maestro;astonishing evenly however;since sick;"706496";true;mid;4;false;2026-04-20T03:07:27;2026-04-19T17:41:02
25;which geez twine;speedily;"8051554618";Hassie_Gorczany@gmail.com;nor tooth really;"39CPZWE1779B5ZS";"WJRPB9178T";Philipton;between furiously what;yippee blushing;electrify sweetly;kookily boo gee;grouper embalm;"906386";modulo;bitterly furthermore;mountain whereas devise;spring outside energetically;"644724";false;pro;8;false;2026-04-19T11:39:50;2026-04-19T16:36:59
26;oof hmph outside;into ugh;"6582771285";Shannon78@yahoo.com;mostly;"14DOHBC9705NXZE";"FQGIF2682J";East Sandrashire;notwithstanding only;soap although;igloo whereas bind;exalt whoa unexpectedly;sunny eek doubtfully;"476024";mostly;gadzooks astride minor;unit;yippee;"120342";true;eno;9;false;2026-04-20T01:19:08;2026-04-19T11:08:52
27;almost consequently seriously;burly whose than;"8535566318";Daniela.Christiansen10@yahoo.com;alligator hateful inside;"07YHPUJ9533TUZV";"MIOTU3106A";Fort Litzy;showy venom abacus;whether;homeschool what;for;before;"935607";but especially barracks;sell border slushy;beside;geez;"209351";true;gra;7;true;2026-04-20T04:14:47;2026-04-20T06:55:01
28;abseil against;separately gah however;"8384327083";Fannie_Romaguera@gmail.com;jovially;"38SNLFO4667XXZ8";"HPHCK7620A";Stantonboro;receptor knowingly arrogantly;fail of service;prime soon;because within;gadzooks presell overtrain;"255633";source circa why;language yahoo;how bran mothball;vastly;"279589";false;eek;8;false;2026-04-20T03:52:59;2026-04-20T06:35:59
29;nor;boulevard oof seal;"7469486684";Jermain3@yahoo.com;thoroughly supposing;"99UDNEG0561E4ZR";"UBMWC9665L";South Donavonshire;gleefully;inexperienced amid clinking;uh-huh yippee;pointless um because;anti successfully;"198032";cluttered;within service;unless drat please;when safely a;"849602";false;as ;10;false;2026-04-20T06:25:28;2026-04-20T04:24:07
30;warmly;merry worth;"6578776700";Cory_Morar74@yahoo.com;for rapidly modulo;"22EYAVR8522ROZI";"BVBYN2915O";Andersonside;convince rowdy;properly executor;hospitable faithfully;metabolise;beyond;"937947";fundraising;worst elementary;whenever drum;store;"905506";false;exp;3;false;2026-04-19T17:57:36;2026-04-19T12:01:51
